{"nodes":[{"label":"Problema de Diseño","x":1151.319580078125,"y":-1423.8292236328125,"id":"0","attributes":{"Eccentricity":"3.0","Closeness Centrality":"0.5945945945945946","Betweenness Centrality":"138.50000000000003","Harmonic Closeness Centrality":"0.6893939393939393","Grado":"9","Grado con pesos":"10.0"},"color":"rgb(254,94,181)","size":144.40000915527344},{"label":"Competente","x":212.03125,"y":1465.918701171875,"id":"21","attributes":{"Eccentricity":"0.0","Closeness Centrality":"0.0","Betweenness Centrality":"0.0","Harmonic Closeness Centrality":"0.0","Grado":"0","Grado con pesos":"0.0"},"color":"rgb(75,191,65)","size":28.399999618530273},{"label":"Experto","x":780.762939453125,"y":1266.6260986328125,"id":"26","attributes":{"Eccentricity":"0.0","Closeness Centrality":"0.0","Betweenness Centrality":"0.0","Harmonic Closeness Centrality":"0.0","Grado":"0","Grado con pesos":"0.0"},"color":"rgb(75,191,65)","size":48.80000305175781},{"label":"Ignorar diferencias","x":-1108.5279541015625,"y":-1014.3432006835938,"id":"45","attributes":{"Eccentricity":"0.0","Closeness Centrality":"0.0","Betweenness Centrality":"0.0","Harmonic Closeness Centrality":"0.0","Grado":"0","Grado con pesos":"0.0"},"color":"rgb(223,238,156)","size":26.0},{"label":"Solución","x":1236.406982421875,"y":-383.07952880859375,"id":"18","attributes":{"Eccentricity":"5.0","Closeness Centrality":"0.3283582089552239","Betweenness Centrality":"4.166666666666666","Harmonic Closeness Centrality":"0.41590909090909095","Grado":"3","Grado con pesos":"3.0"},"color":"rgb(254,93,181)","size":104.4000015258789},{"label":"Como estrategia","x":2536.3310546875,"y":-657.9591674804688,"id":"52","attributes":{"Eccentricity":"0.0","Closeness Centrality":"0.0","Betweenness Centrality":"0.0","Harmonic Closeness Centrality":"0.0","Grado":"0","Grado con pesos":"0.0"},"color":"rgb(221,186,238)","size":30.0},{"label":"Espacio inexplorado","x":-2765.3720703125,"y":-218.9600067138672,"id":"38","attributes":{"Eccentricity":"0.0","Closeness Centrality":"0.0","Betweenness Centrality":"0.0","Harmonic Closeness Centrality":"0.0","Grado":"0","Grado con pesos":"0.0"},"color":"rgb(243,224,163)","size":19.600000381469727},{"label":"RFC","x":2461.645751953125,"y":-3032.4296875,"id":"80","attributes":{"Eccentricity":"0.0","Closeness Centrality":"0.0","Betweenness Centrality":"0.0","Harmonic Closeness Centrality":"0.0","Grado":"0","Grado con pesos":"0.0"},"color":"rgb(0,0,0)","size":15.19999885559082},{"label":"Claridad","x":3492.952392578125,"y":-764.42724609375,"id":"56","attributes":{"Eccentricity":"0.0","Closeness Centrality":"0.0","Betweenness Centrality":"0.0","Harmonic Closeness Centrality":"0.0","Grado":"0","Grado con pesos":"0.0"},"color":"rgb(0,0,0)","size":15.200000762939453},{"label":"Conciente","x":-386.75164794921875,"y":-4173.4521484375,"id":"103","attributes":{"Eccentricity":"0.0","Closeness Centrality":"0.0","Betweenness Centrality":"0.0","Harmonic Closeness Centrality":"0.0","Grado":"0","Grado con pesos":"0.0"},"color":"rgb(0,0,0)","size":16.0},{"label":"Inecxacto","x":-1333.611083984375,"y":-794.386474609375,"id":"43","attributes":{"Eccentricity":"0.0","Closeness Centrality":"0.0","Betweenness Centrality":"0.0","Harmonic Closeness Centrality":"0.0","Grado":"0","Grado con pesos":"0.0"},"color":"rgb(250,238,17)","size":29.200000762939453},{"label":"DT","x":223.54188537597656,"y":-1993.9481201171875,"id":"74","attributes":{"Eccentricity":"0.0","Closeness Centrality":"0.0","Betweenness Centrality":"0.0","Harmonic Closeness Centrality":"0.0","Grado":"0","Grado con pesos":"0.0"},"color":"rgb(0,0,0)","size":20.400001525878906},{"label":"Modos de diseño","x":2263.4560546875,"y":-973.6285400390625,"id":"50","attributes":{"Eccentricity":"0.0","Closeness Centrality":"0.0","Betweenness Centrality":"0.0","Harmonic Closeness Centrality":"0.0","Grado":"0","Grado con pesos":"0.0"},"color":"rgb(177,213,246)","size":42.400001525878906},{"label":"Toma de deciciones","x":2050.72021484375,"y":-2675.085205078125,"id":"68","attributes":{"Eccentricity":"0.0","Closeness Centrality":"0.0","Betweenness Centrality":"0.0","Harmonic Closeness Centrality":"0.0","Grado":"0","Grado con pesos":"0.0"},"color":"rgb(109,106,246)","size":45.20000076293945},{"label":"Reparar","x":1109.8544921875,"y":-2648.3193359375,"id":"66","attributes":{"Eccentricity":"0.0","Closeness Centrality":"0.0","Betweenness Centrality":"0.0","Harmonic Closeness Centrality":"0.0","Grado":"0","Grado con pesos":"0.0"},"color":"rgb(0,0,0)","size":24.0},{"label":"Analogías","x":-1271.10986328125,"y":325.1607666015625,"id":"5","attributes":{"Eccentricity":"5.0","Closeness Centrality":"0.3548387096774194","Betweenness Centrality":"0.0","Harmonic Closeness Centrality":"0.4121212121212121","Grado":"1","Grado con pesos":"1.0"},"color":"rgb(105,193,186)","size":66.0},{"label":"Co-Evolución","x":2585.164794921875,"y":-1987.026611328125,"id":"10","attributes":{"Eccentricity":"4.0","Closeness Centrality":"0.3333333333333333","Betweenness Centrality":"41.0","Harmonic Closeness Centrality":"0.428030303030303","Grado":"4","Grado con pesos":"4.0"},"color":"rgb(108,36,252)","size":85.19999694824219},{"label":"Problema Global","x":2353.655517578125,"y":-185.27769470214844,"id":"7","attributes":{"Eccentricity":"4.0","Closeness Centrality":"0.4489795918367347","Betweenness Centrality":"21.0","Harmonic Closeness Centrality":"0.5151515151515151","Grado":"3","Grado con pesos":"3.0"},"color":"rgb(254,23,32)","size":38.400001525878906},{"label":"Explora","x":362.66412353515625,"y":-1066.6865234375,"id":"19","attributes":{"Eccentricity":"5.0","Closeness Centrality":"0.3188405797101449","Betweenness Centrality":"1.5","Harmonic Closeness Centrality":"0.4007575757575758","Grado":"3","Grado con pesos":"3.0"},"color":"rgb(254,145,207)","size":63.20000076293945},{"label":"Interpretación","x":1857.7781982421875,"y":-276.2644958496094,"id":"20","attributes":{"Eccentricity":"5.0","Closeness Centrality":"0.39285714285714285","Betweenness Centrality":"2.916666666666666","Harmonic Closeness Centrality":"0.4803030303030303","Grado":"3","Grado con pesos":"3.0"},"color":"rgb(254,91,178)","size":27.200000762939453},{"label":"Opciones ","x":2856.799560546875,"y":-3033.093017578125,"id":"86","attributes":{"Eccentricity":"0.0","Closeness Centrality":"0.0","Betweenness Centrality":"0.0","Harmonic Closeness Centrality":"0.0","Grado":"0","Grado con pesos":"0.0"},"color":"rgb(0,0,0)","size":16.399999618530273},{"label":"Como desafio","x":2808.594970703125,"y":-845.2275390625,"id":"51","attributes":{"Eccentricity":"0.0","Closeness Centrality":"0.0","Betweenness Centrality":"0.0","Harmonic Closeness Centrality":"0.0","Grado":"0","Grado con pesos":"0.0"},"color":"rgb(228,191,246)","size":28.0},{"label":"Innovar","x":1079.4376220703125,"y":-2446.1494140625,"id":"67","attributes":{"Eccentricity":"0.0","Closeness Centrality":"0.0","Betweenness Centrality":"0.0","Harmonic Closeness Centrality":"0.0","Grado":"0","Grado con pesos":"0.0"},"color":"rgb(0,0,0)","size":25.599998474121094},{"label":"Deteccion","x":2501.119140625,"y":-1610.7178955078125,"id":"61","attributes":{"Eccentricity":"0.0","Closeness Centrality":"0.0","Betweenness Centrality":"0.0","Harmonic Closeness Centrality":"0.0","Grado":"0","Grado con pesos":"0.0"},"color":"rgb(105,223,191)","size":22.400001525878906},{"label":"Espacios de diseño","x":-2010.940673828125,"y":-475.30291748046875,"id":"28","attributes":{"Eccentricity":"0.0","Closeness Centrality":"0.0","Betweenness Centrality":"0.0","Harmonic Closeness Centrality":"0.0","Grado":"0","Grado con pesos":"0.0"},"color":"rgb(0,0,0)","size":56.000003814697266},{"label":"DA","x":140.25497436523438,"y":-2509.61962890625,"id":"72","attributes":{"Eccentricity":"0.0","Closeness Centrality":"0.0","Betweenness Centrality":"0.0","Harmonic Closeness Centrality":"0.0","Grado":"0","Grado con pesos":"0.0"},"color":"rgb(0,0,0)","size":21.600000381469727},{"label":"Cierto","x":790.5286865234375,"y":-4436.7841796875,"id":"102","attributes":{"Eccentricity":"0.0","Closeness Centrality":"0.0","Betweenness Centrality":"0.0","Harmonic Closeness Centrality":"0.0","Grado":"0","Grado con pesos":"0.0"},"color":"rgb(0,0,0)","size":17.600000381469727},{"label":"Problama Indefinido","x":-1066.63525390625,"y":-1614.3824462890625,"id":"16","attributes":{"Eccentricity":"4.0","Closeness Centrality":"0.4","Betweenness Centrality":"8.0","Harmonic Closeness Centrality":"0.45454545454545464","Grado":"2","Grado con pesos":"2.0"},"color":"rgb(254,141,202)","size":90.39999389648438},{"label":"Soluciones preconcebidas","x":-1355.932373046875,"y":-1109.808349609375,"id":"47","attributes":{"Eccentricity":"0.0","Closeness Centrality":"0.0","Betweenness Centrality":"0.0","Harmonic Closeness Centrality":"0.0","Grado":"0","Grado con pesos":"0.0"},"color":"rgb(227,243,159)","size":28.80000114440918},{"label":"Principiante Avanzado","x":-288.0639953613281,"y":1736.1058349609375,"id":"23","attributes":{"Eccentricity":"0.0","Closeness Centrality":"0.0","Betweenness Centrality":"0.0","Harmonic Closeness Centrality":"0.0","Grado":"0","Grado con pesos":"0.0"},"color":"rgb(75,191,65)","size":24.0},{"label":"Objetios","x":-3057.059814453125,"y":-575.596923828125,"id":"34","attributes":{"Eccentricity":"0.0","Closeness Centrality":"0.0","Betweenness Centrality":"0.0","Harmonic Closeness Centrality":"0.0","Grado":"0","Grado con pesos":"0.0"},"color":"rgb(174,238,160)","size":22.0},{"label":"Mas alternativas","x":2955.7333984375,"y":-511.17059326171875,"id":"59","attributes":{"Eccentricity":"0.0","Closeness Centrality":"0.0","Betweenness Centrality":"0.0","Harmonic Closeness Centrality":"0.0","Grado":"0","Grado con pesos":"0.0"},"color":"rgb(238,172,89)","size":21.600000381469727},{"label":"Principiante","x":-505.21826171875,"y":1449.896240234375,"id":"24","attributes":{"Eccentricity":"0.0","Closeness Centrality":"0.0","Betweenness Centrality":"0.0","Harmonic Closeness Centrality":"0.0","Grado":"0","Grado con pesos":"0.0"},"color":"rgb(75,191,65)","size":19.200000762939453},{"label":"Sensibilidad","x":2270.851806640625,"y":-1613.3359375,"id":"62","attributes":{"Eccentricity":"0.0","Closeness Centrality":"0.0","Betweenness Centrality":"0.0","Harmonic Closeness Centrality":"0.0","Grado":"0","Grado con pesos":"0.0"},"color":"rgb(112,238,204)","size":20.80000114440918},{"label":"Dudoso","x":-277.4908447265625,"y":-4047.304443359375,"id":"104","attributes":{"Eccentricity":"0.0","Closeness Centrality":"0.0","Betweenness Centrality":"0.0","Harmonic Closeness Centrality":"0.0","Grado":"0","Grado con pesos":"0.0"},"color":"rgb(0,0,0)","size":20.400001525878906},{"label":"Fenotipo","x":2261.952392578125,"y":-2286.87744140625,"id":"9","attributes":{"Eccentricity":"4.0","Closeness Centrality":"0.3235294117647059","Betweenness Centrality":"0.0","Harmonic Closeness Centrality":"0.38257575757575746","Grado":"2","Grado con pesos":"2.0"},"color":"rgb(109,37,252)","size":36.0},{"label":"Restricciones","x":316.84735107421875,"y":-3708.432861328125,"id":"91","attributes":{"Eccentricity":"0.0","Closeness Centrality":"0.0","Betweenness Centrality":"0.0","Harmonic Closeness Centrality":"0.0","Grado":"0","Grado con pesos":"0.0"},"color":"rgb(0,0,0)","size":26.0},{"label":"Metodos para toma de deciciones","x":2056.322509765625,"y":-2917.225830078125,"id":"79","attributes":{"Eccentricity":"0.0","Closeness Centrality":"0.0","Betweenness Centrality":"0.0","Harmonic Closeness Centrality":"0.0","Grado":"0","Grado con pesos":"0.0"},"color":"rgb(0,0,0)","size":33.599998474121094},{"label":"Rediseñar","x":508.0714111328125,"y":-548.2964477539062,"id":"12","attributes":{"Eccentricity":"4.0","Closeness Centrality":"0.44","Betweenness Centrality":"0.0","Harmonic Closeness Centrality":"0.5075757575757577","Grado":"3","Grado con pesos":"3.0"},"color":"rgb(253,47,101)","size":39.20000076293945},{"label":"Asignar ","x":2386.495361328125,"y":-3165.14599609375,"id":"83","attributes":{"Eccentricity":"0.0","Closeness Centrality":"0.0","Betweenness Centrality":"0.0","Harmonic Closeness Centrality":"0.0","Grado":"0","Grado con pesos":"0.0"},"color":"rgb(0,0,0)","size":16.399999618530273},{"label":"DR","x":52.044158935546875,"y":-2311.102294921875,"id":"75","attributes":{"Eccentricity":"0.0","Closeness Centrality":"0.0","Betweenness Centrality":"0.0","Harmonic Closeness Centrality":"0.0","Grado":"0","Grado con pesos":"0.0"},"color":"rgb(0,0,0)","size":20.0},{"label":"Gatekepeepers","x":69.08047485351562,"y":-2909.419677734375,"id":"77","attributes":{"Eccentricity":"0.0","Closeness Centrality":"0.0","Betweenness Centrality":"0.0","Harmonic Closeness Centrality":"0.0","Grado":"0","Grado con pesos":"0.0"},"color":"rgb(0,0,0)","size":16.399999618530273},{"label":"Simplificar","x":-1581.4976806640625,"y":-993.7584838867188,"id":"46","attributes":{"Eccentricity":"0.0","Closeness Centrality":"0.0","Betweenness Centrality":"0.0","Harmonic Closeness Centrality":"0.0","Grado":"0","Grado con pesos":"0.0"},"color":"rgb(234,251,164)","size":24.799999237060547},{"label":"Cantidad","x":3344.184326171875,"y":-863.1965942382812,"id":"57","attributes":{"Eccentricity":"0.0","Closeness Centrality":"0.0","Betweenness Centrality":"0.0","Harmonic Closeness Centrality":"0.0","Grado":"0","Grado con pesos":"0.0"},"color":"rgb(0,0,0)","size":15.600000381469727},{"label":"Resumir atributos","x":2071.4140625,"y":-3264.845947265625,"id":"81","attributes":{"Eccentricity":"0.0","Closeness Centrality":"0.0","Betweenness Centrality":"0.0","Harmonic Closeness Centrality":"0.0","Grado":"0","Grado con pesos":"0.0"},"color":"rgb(0,0,0)","size":15.600000381469727},{"label":"Establecen","x":440.85052490234375,"y":-3369.7236328125,"id":"89","attributes":{"Eccentricity":"0.0","Closeness Centrality":"0.0","Betweenness Centrality":"0.0","Harmonic Closeness Centrality":"0.0","Grado":"0","Grado con pesos":"0.0"},"color":"rgb(51,125,232)","size":36.10000228881836},{"label":"Concreto","x":170.9306182861328,"y":-4439.79296875,"id":"95","attributes":{"Eccentricity":"0.0","Closeness Centrality":"0.0","Betweenness Centrality":"0.0","Harmonic Closeness Centrality":"0.0","Grado":"0","Grado con pesos":"0.0"},"color":"rgb(0,0,0)","size":17.600000381469727},{"label":"Correcto","x":728.3970336914062,"y":-4073.338623046875,"id":"98","attributes":{"Eccentricity":"0.0","Closeness Centrality":"0.0","Betweenness Centrality":"0.0","Harmonic Closeness Centrality":"0.0","Grado":"0","Grado con pesos":"0.0"},"color":"rgb(0,0,0)","size":18.799999237060547},{"label":"Afirmacion","x":314.61895751953125,"y":-4071.38134765625,"id":"92","attributes":{"Eccentricity":"0.0","Closeness Centrality":"0.0","Betweenness Centrality":"0.0","Harmonic Closeness Centrality":"0.0","Grado":"0","Grado con pesos":"0.0"},"color":"rgb(0,0,0)","size":38.0},{"label":"Preferencias","x":-3016.836669921875,"y":-514.4430541992188,"id":"35","attributes":{"Eccentricity":"0.0","Closeness Centrality":"0.0","Betweenness Centrality":"0.0","Harmonic Closeness Centrality":"0.0","Grado":"0","Grado con pesos":"0.0"},"color":"rgb(169,232,156)","size":22.0},{"label":"Restricciones","x":2852.227783203125,"y":-2900.79150390625,"id":"87","attributes":{"Eccentricity":"0.0","Closeness Centrality":"0.0","Betweenness Centrality":"0.0","Harmonic Closeness Centrality":"0.0","Grado":"0","Grado con pesos":"0.0"},"color":"rgb(0,0,0)","size":16.80000114440918},{"label":"Restricciones","x":-3037.60107421875,"y":-644.80615234375,"id":"36","attributes":{"Eccentricity":"0.0","Closeness Centrality":"0.0","Betweenness Centrality":"0.0","Harmonic Closeness Centrality":"0.0","Grado":"0","Grado con pesos":"0.0"},"color":"rgb(169,232,156)","size":18.0},{"label":"Implementar ","x":1363.9515380859375,"y":-2710.359619140625,"id":"70","attributes":{"Eccentricity":"0.0","Closeness Centrality":"0.0","Betweenness Centrality":"0.0","Harmonic Closeness Centrality":"0.0","Grado":"0","Grado con pesos":"0.0"},"color":"rgb(0,0,0)","size":20.400001525878906},{"label":"Conectado","x":-219.38320922851562,"y":-4369.1533203125,"id":"99","attributes":{"Eccentricity":"0.0","Closeness Centrality":"0.0","Betweenness Centrality":"0.0","Harmonic Closeness Centrality":"0.0","Grado":"0","Grado con pesos":"0.0"},"color":"rgb(0,0,0)","size":18.400001525878906},{"label":"Alternative Space","x":-2560.64306640625,"y":-338.8513488769531,"id":"30","attributes":{"Eccentricity":"0.0","Closeness Centrality":"0.0","Betweenness Centrality":"0.0","Harmonic Closeness Centrality":"0.0","Grado":"0","Grado con pesos":"0.0"},"color":"rgb(251,175,43)","size":28.399999618530273},{"label":"Grieta","x":1846.1513671875,"y":-788.701171875,"id":"17","attributes":{"Eccentricity":"4.0","Closeness Centrality":"0.43137254901960786","Betweenness Centrality":"21.583333333333332","Harmonic Closeness Centrality":"0.5151515151515151","Grado":"4","Grado con pesos":"4.0"},"color":"rgb(254,92,179)","size":58.400001525878906},{"label":"Con Dominio","x":550.1087036132812,"y":1631.4090576171875,"id":"25","attributes":{"Eccentricity":"0.0","Closeness Centrality":"0.0","Betweenness Centrality":"0.0","Harmonic Closeness Centrality":"0.0","Grado":"0","Grado con pesos":"0.0"},"color":"rgb(75,191,65)","size":38.0},{"label":"Imágenes Mentales","x":-998.9447631835938,"y":628.1231079101562,"id":"3","attributes":{"Eccentricity":"5.0","Closeness Centrality":"0.36065573770491804","Betweenness Centrality":"0.0","Harmonic Closeness Centrality":"0.4348484848484848","Grado":"2","Grado con pesos":"2.0"},"color":"rgb(105,193,186)","size":21.600000381469727},{"label":"Imágenes Gráficas","x":-879.5853881835938,"y":827.9856567382812,"id":"4","attributes":{"Eccentricity":"5.0","Closeness Centrality":"0.36065573770491804","Betweenness Centrality":"0.0","Harmonic Closeness Centrality":"0.4348484848484848","Grado":"2","Grado con pesos":"2.0"},"color":"rgb(105,193,186)","size":20.0},{"label":"Problema Bien Definido","x":-619.492431640625,"y":-2082.901123046875,"id":"15","attributes":{"Eccentricity":"4.0","Closeness Centrality":"0.4074074074074074","Betweenness Centrality":"14.75","Harmonic Closeness Centrality":"0.47727272727272735","Grado":"3","Grado con pesos":"3.0"},"color":"rgb(254,137,197)","size":53.60000228881836},{"label":"Valores generados explorando","x":-2201.072998046875,"y":-1071.235595703125,"id":"41","attributes":{"Eccentricity":"0.0","Closeness Centrality":"0.0","Betweenness Centrality":"0.0","Harmonic Closeness Centrality":"0.0","Grado":"0","Grado con pesos":"0.0"},"color":"rgb(146,188,232)","size":23.200000762939453},{"label":"Probar","x":1568.2869873046875,"y":-2703.738525390625,"id":"69","attributes":{"Eccentricity":"0.0","Closeness Centrality":"0.0","Betweenness Centrality":"0.0","Harmonic Closeness Centrality":"0.0","Grado":"0","Grado con pesos":"0.0"},"color":"rgb(0,0,0)","size":26.0},{"label":"Value Space","x":-2196.575927734375,"y":-826.12548828125,"id":"32","attributes":{"Eccentricity":"0.0","Closeness Centrality":"0.0","Betweenness Centrality":"0.0","Harmonic Closeness Centrality":"0.0","Grado":"0","Grado con pesos":"0.0"},"color":"rgb(94,146,238)","size":29.600000381469727},{"label":"Decicion","x":-42.166748046875,"y":-2729.42333984375,"id":"78","attributes":{"Eccentricity":"0.0","Closeness Centrality":"0.0","Betweenness Centrality":"0.0","Harmonic Closeness Centrality":"0.0","Grado":"0","Grado con pesos":"0.0"},"color":"rgb(0,0,0)","size":17.200000762939453},{"label":"Espacio explorado","x":-2849.217529296875,"y":-282.09075927734375,"id":"37","attributes":{"Eccentricity":"0.0","Closeness Centrality":"0.0","Betweenness Centrality":"0.0","Harmonic Closeness Centrality":"0.0","Grado":"0","Grado con pesos":"0.0"},"color":"rgb(232,214,156)","size":16.399999618530273},{"label":"Ganancia por profundizacion","x":2540.384765625,"y":-497.9695739746094,"id":"58","attributes":{"Eccentricity":"0.0","Closeness Centrality":"0.0","Betweenness Centrality":"0.0","Harmonic Closeness Centrality":"0.0","Grado":"0","Grado con pesos":"0.0"},"color":"rgb(232,167,87)","size":19.600000381469727},{"label":"Niveles de Experiencia","x":270.3020324707031,"y":777.412109375,"id":"2","attributes":{"Eccentricity":"5.0","Closeness Centrality":"0.3548387096774194","Betweenness Centrality":"0.0","Harmonic Closeness Centrality":"0.4121212121212121","Grado":"1","Grado con pesos":"1.0"},"color":"rgb(100,254,86)","size":88.39999389648438},{"label":"Investigar","x":-18.44257354736328,"y":-326.07965087890625,"id":"13","attributes":{"Eccentricity":"4.0","Closeness Centrality":"0.44","Betweenness Centrality":"0.0","Harmonic Closeness Centrality":"0.5075757575757577","Grado":"3","Grado con pesos":"3.0"},"color":"rgb(253,47,101)","size":41.20000076293945},{"label":"Proceso de diseño ","x":2890.554931640625,"y":-1180.5185546875,"id":"49","attributes":{"Eccentricity":"0.0","Closeness Centrality":"0.0","Betweenness Centrality":"0.0","Harmonic Closeness Centrality":"0.0","Grado":"0","Grado con pesos":"0.0"},"color":"rgb(225,189,243)","size":26.0},{"label":"Logica de diseño","x":413.32110595703125,"y":-2252.465576171875,"id":"64","attributes":{"Eccentricity":"0.0","Closeness Centrality":"0.0","Betweenness Centrality":"0.0","Harmonic Closeness Centrality":"0.0","Grado":"0","Grado con pesos":"0.0"},"color":"rgb(243,0,144)","size":44.79999923706055},{"label":"Incierto","x":-87.33868408203125,"y":-4479.99951171875,"id":"101","attributes":{"Eccentricity":"0.0","Closeness Centrality":"0.0","Betweenness Centrality":"0.0","Harmonic Closeness Centrality":"0.0","Grado":"0","Grado con pesos":"0.0"},"color":"rgb(0,0,0)","size":18.799999237060547},{"label":"Crossover","x":3164.65966796875,"y":-1980.162109375,"id":"11","attributes":{"Eccentricity":"5.0","Closeness Centrality":"0.25287356321839083","Betweenness Centrality":"0.0","Harmonic Closeness Centrality":"0.3015151515151515","Grado":"1","Grado con pesos":"1.0"},"color":"rgb(120,51,250)","size":35.599998474121094},{"label":"Problema Local","x":2342.77099609375,"y":265.9888916015625,"id":"6","attributes":{"Eccentricity":"4.0","Closeness Centrality":"0.43137254901960786","Betweenness Centrality":"0.0","Harmonic Closeness Centrality":"0.4848484848484849","Grado":"2","Grado con pesos":"2.0"},"color":"rgb(252,4,2)","size":58.80000305175781},{"label":"Nivel de performance","x":-1127.6640625,"y":-583.3523559570312,"id":"42","attributes":{"Eccentricity":"0.0","Closeness Centrality":"0.0","Betweenness Centrality":"0.0","Harmonic Closeness Centrality":"0.0","Grado":"0","Grado con pesos":"0.0"},"color":"rgb(0,0,0)","size":52.0},{"label":"Diseñador","x":600.6602783203125,"y":-43.88226318359375,"id":"1","attributes":{"Eccentricity":"4.0","Closeness Centrality":"0.5365853658536586","Betweenness Centrality":"98.66666666666667","Harmonic Closeness Centrality":"0.696969696969697","Grado":"11","Grado con pesos":"12.0"},"color":"rgb(68,239,231)","size":144.0},{"label":"Vago","x":319.24810791015625,"y":-4644.29296875,"id":"97","attributes":{"Eccentricity":"0.0","Closeness Centrality":"0.0","Betweenness Centrality":"0.0","Harmonic Closeness Centrality":"0.0","Grado":"0","Grado con pesos":"0.0"},"color":"rgb(0,0,0)","size":19.200000762939453},{"label":"Incorrecto","x":-292.6910095214844,"y":-4261.52783203125,"id":"96","attributes":{"Eccentricity":"0.0","Closeness Centrality":"0.0","Betweenness Centrality":"0.0","Harmonic Closeness Centrality":"0.0","Grado":"0","Grado con pesos":"0.0"},"color":"rgb(0,0,0)","size":17.599998474121094},{"label":"Abstracción","x":2764.3515625,"y":-183.07211303710938,"id":"22","attributes":{"Eccentricity":"5.0","Closeness Centrality":"0.3142857142857143","Betweenness Centrality":"0.0","Harmonic Closeness Centrality":"0.35151515151515145","Grado":"1","Grado con pesos":"1.0"},"color":"rgb(254,36,41)","size":35.599998474121094},{"label":"Incoherente","x":674.3043823242188,"y":-4515.072265625,"id":"93","attributes":{"Eccentricity":"0.0","Closeness Centrality":"0.0","Betweenness Centrality":"0.0","Harmonic Closeness Centrality":"0.0","Grado":"0","Grado con pesos":"0.0"},"color":"rgb(0,0,0)","size":19.600000381469727},{"label":"Coherente","x":459.79962158203125,"y":-4465.458984375,"id":"94","attributes":{"Eccentricity":"0.0","Closeness Centrality":"0.0","Betweenness Centrality":"0.0","Harmonic Closeness Centrality":"0.0","Grado":"0","Grado con pesos":"0.0"},"color":"rgb(0,0,0)","size":17.600000381469727},{"label":"Determinar ventajas","x":1888.056884765625,"y":-3217.863037109375,"id":"82","attributes":{"Eccentricity":"0.0","Closeness Centrality":"0.0","Betweenness Centrality":"0.0","Harmonic Closeness Centrality":"0.0","Grado":"0","Grado con pesos":"0.0"},"color":"rgb(0,0,0)","size":17.600000381469727},{"label":"Objetivos","x":3143.095703125,"y":-763.34716796875,"id":"54","attributes":{"Eccentricity":"0.0","Closeness Centrality":"0.0","Betweenness Centrality":"0.0","Harmonic Closeness Centrality":"0.0","Grado":"0","Grado con pesos":"0.0"},"color":"rgb(111,243,81)","size":17.200000762939453},{"label":"Fases de diseño","x":1562.3006591796875,"y":-2375.615478515625,"id":"65","attributes":{"Eccentricity":"0.0","Closeness Centrality":"0.0","Betweenness Centrality":"0.0","Harmonic Closeness Centrality":"0.0","Grado":"0","Grado con pesos":"0.0"},"color":"rgb(86,232,33)","size":35.20000457763672},{"label":"Supera la cognicion humana","x":-599.478759765625,"y":-987.1309814453125,"id":"48","attributes":{"Eccentricity":"0.0","Closeness Centrality":"0.0","Betweenness Centrality":"0.0","Harmonic Closeness Centrality":"0.0","Grado":"0","Grado con pesos":"0.0"},"color":"rgb(164,238,167)","size":28.80000114440918},{"label":"Limites","x":596.6679077148438,"y":-3709.85302734375,"id":"90","attributes":{"Eccentricity":"0.0","Closeness Centrality":"0.0","Betweenness Centrality":"0.0","Harmonic Closeness Centrality":"0.0","Grado":"0","Grado con pesos":"0.0"},"color":"rgb(0,0,0)","size":25.600000381469727},{"label":"Ventaja primordial","x":1890.4249267578125,"y":-3361.524169921875,"id":"85","attributes":{"Eccentricity":"0.0","Closeness Centrality":"0.0","Betweenness Centrality":"0.0","Harmonic Closeness Centrality":"0.0","Grado":"0","Grado con pesos":"0.0"},"color":"rgb(0,0,0)","size":14.399999618530273},{"label":"Desarticulado","x":725.5206298828125,"y":-4256.57958984375,"id":"100","attributes":{"Eccentricity":"0.0","Closeness Centrality":"0.0","Betweenness Centrality":"0.0","Harmonic Closeness Centrality":"0.0","Grado":"0","Grado con pesos":"0.0"},"color":"rgb(0,0,0)","size":20.799999237060547},{"label":"Mas rendimiento","x":2948.855712890625,"y":-376.74066162109375,"id":"60","attributes":{"Eccentricity":"0.0","Closeness Centrality":"0.0","Betweenness Centrality":"0.0","Harmonic Closeness Centrality":"0.0","Grado":"0","Grado con pesos":"0.0"},"color":"rgb(0,0,0)","size":19.600000381469727},{"label":"Optimizacion del diseño","x":-1121.291015625,"y":-213.70408630371094,"id":"27","attributes":{"Eccentricity":"0.0","Closeness Centrality":"0.0","Betweenness Centrality":"0.0","Harmonic Closeness Centrality":"0.0","Grado":"0","Grado con pesos":"0.0"},"color":"rgb(243,40,103)","size":70.0},{"label":"Resultados positivos","x":-2635.442626953125,"y":-958.6226196289062,"id":"39","attributes":{"Eccentricity":"0.0","Closeness Centrality":"0.0","Betweenness Centrality":"0.0","Harmonic Closeness Centrality":"0.0","Grado":"0","Grado con pesos":"0.0"},"color":"rgb(124,192,184)","size":20.799999237060547},{"label":"Complejidad","x":3072.5166015625,"y":-978.3346557617188,"id":"55","attributes":{"Eccentricity":"0.0","Closeness Centrality":"0.0","Betweenness Centrality":"0.0","Harmonic Closeness Centrality":"0.0","Grado":"0","Grado con pesos":"0.0"},"color":"rgb(0,0,0)","size":16.799999237060547},{"label":"Convincente","x":-92.68508911132812,"y":-3918.78173828125,"id":"106","attributes":{"Eccentricity":"0.0","Closeness Centrality":"0.0","Betweenness Centrality":"0.0","Harmonic Closeness Centrality":"0.0","Grado":"0","Grado con pesos":"0.0"},"color":"rgb(0,0,0)","size":17.200000762939453},{"label":"Exacto","x":-727.1864013671875,"y":-783.4396362304688,"id":"44","attributes":{"Eccentricity":"0.0","Closeness Centrality":"0.0","Betweenness Centrality":"0.0","Harmonic Closeness Centrality":"0.0","Grado":"0","Grado con pesos":"0.0"},"color":"rgb(178,248,32)","size":26.0},{"label":"Fundamento del diseño orientado","x":439.8440856933594,"y":-2624.9794921875,"id":"71","attributes":{"Eccentricity":"0.0","Closeness Centrality":"0.0","Betweenness Centrality":"0.0","Harmonic Closeness Centrality":"0.0","Grado":"0","Grado con pesos":"0.0"},"color":"rgb(0,0,0)","size":28.0},{"label":"Resultados negativos","x":-2724.3623046875,"y":-877.4725952148438,"id":"40","attributes":{"Eccentricity":"0.0","Closeness Centrality":"0.0","Betweenness Centrality":"0.0","Harmonic Closeness Centrality":"0.0","Grado":"0","Grado con pesos":"0.0"},"color":"rgb(144,223,214)","size":20.80000114440918},{"label":"Gestores","x":240.98876953125,"y":-3029.92236328125,"id":"76","attributes":{"Eccentricity":"0.0","Closeness Centrality":"0.0","Betweenness Centrality":"0.0","Harmonic Closeness Centrality":"0.0","Grado":"0","Grado con pesos":"0.0"},"color":"rgb(0,0,0)","size":20.799999237060547},{"label":"DBD","x":70.01377868652344,"y":-2131.652587890625,"id":"73","attributes":{"Eccentricity":"0.0","Closeness Centrality":"0.0","Betweenness Centrality":"0.0","Harmonic Closeness Centrality":"0.0","Grado":"0","Grado con pesos":"0.0"},"color":"rgb(0,0,0)","size":22.799999237060547},{"label":"Contradictorio","x":916.583740234375,"y":-4180.27392578125,"id":"105","attributes":{"Eccentricity":"0.0","Closeness Centrality":"0.0","Betweenness Centrality":"0.0","Harmonic Closeness Centrality":"0.0","Grado":"0","Grado con pesos":"0.0"},"color":"rgb(0,0,0)","size":19.600000381469727},{"label":"Objetive space","x":-2549.6376953125,"y":-531.7794189453125,"id":"29","attributes":{"Eccentricity":"0.0","Closeness Centrality":"0.0","Betweenness Centrality":"0.0","Harmonic Closeness Centrality":"0.0","Grado":"0","Grado con pesos":"0.0"},"color":"rgb(139,246,67)","size":30.000003814697266},{"label":"Elegir alternativa","x":2262.638671875,"y":-3236.534912109375,"id":"84","attributes":{"Eccentricity":"0.0","Closeness Centrality":"0.0","Betweenness Centrality":"0.0","Harmonic Closeness Centrality":"0.0","Grado":"0","Grado con pesos":"0.0"},"color":"rgb(0,0,0)","size":16.0},{"label":"Receptores","x":-2970.523681640625,"y":-699.6690673828125,"id":"33","attributes":{"Eccentricity":"0.0","Closeness Centrality":"0.0","Betweenness Centrality":"0.0","Harmonic Closeness Centrality":"0.0","Grado":"0","Grado con pesos":"0.0"},"color":"rgb(162,223,150)","size":20.0},{"label":"Objetivos","x":2858.8193359375,"y":-3164.607421875,"id":"88","attributes":{"Eccentricity":"0.0","Closeness Centrality":"0.0","Betweenness Centrality":"0.0","Harmonic Closeness Centrality":"0.0","Grado":"0","Grado con pesos":"0.0"},"color":"rgb(0,0,0)","size":16.399999618530273},{"label":"Impact Space","x":-2431.033203125,"y":-740.9967651367188,"id":"31","attributes":{"Eccentricity":"0.0","Closeness Centrality":"0.0","Betweenness Centrality":"0.0","Harmonic Closeness Centrality":"0.0","Grado":"0","Grado con pesos":"0.0"},"color":"rgb(110,243,229)","size":29.600000381469727},{"label":"Impacto","x":2394.765380859375,"y":-1431.7945556640625,"id":"63","attributes":{"Eccentricity":"0.0","Closeness Centrality":"0.0","Betweenness Centrality":"0.0","Harmonic Closeness Centrality":"0.0","Grado":"0","Grado con pesos":"0.0"},"color":"rgb(228,191,246)","size":28.80000114440918},{"label":"Genotipo","x":1748.9727783203125,"y":-1761.1702880859375,"id":"8","attributes":{"Eccentricity":"3.0","Closeness Centrality":"0.44","Betweenness Centrality":"72.0","Harmonic Closeness Centrality":"0.5000000000000001","Grado":"3","Grado con pesos":"3.0"},"color":"rgb(182,17,143)","size":36.400001525878906},{"label":"Como exploracion","x":2712.34912109375,"y":-1365.166748046875,"id":"53","attributes":{"Eccentricity":"0.0","Closeness Centrality":"0.0","Betweenness Centrality":"0.0","Harmonic Closeness Centrality":"0.0","Grado":"0","Grado con pesos":"0.0"},"color":"rgb(221,186,238)","size":29.200000762939453},{"label":"Mutación","x":3111.79833984375,"y":-1695.327880859375,"id":"14","attributes":{"Eccentricity":"5.0","Closeness Centrality":"0.25287356321839083","Betweenness Centrality":"0.0","Harmonic Closeness Centrality":"0.3015151515151515","Grado":"1","Grado con pesos":"1.0"},"color":"rgb(116,46,251)","size":31.599998474121094}],"edges":[{"source":"50","target":"52","id":"76","attributes":{},"color":"rgb(0,0,0)","size":1.0},{"source":"2","target":"26","id":"45","attributes":{},"color":"rgb(0,0,0)","size":1.0},{"source":"50","target":"63","id":"84","attributes":{},"color":"rgb(0,0,0)","size":1.0},{"source":"89","target":"91","id":"116","attributes":{},"color":"rgb(0,0,0)","size":1.0},{"source":"42","target":"43","id":"68","attributes":{},"color":"rgb(0,0,0)","size":1.0},{"source":"54","target":"56","id":"80","attributes":{},"color":"rgb(0,0,0)","size":1.0},{"source":"31","target":"39","id":"63","attributes":{},"color":"rgb(0,0,0)","size":1.0},{"source":"10","target":"14","id":"16","attributes":{},"color":"rgb(0,0,0)","size":1.0},{"source":"3","target":"4","id":"5","attributes":{},"color":"rgb(0,0,0)","size":1.0},{"source":"1","target":"20","id":"32","attributes":{},"color":"rgb(0,0,0)","size":1.0},{"source":"71","target":"78","id":"99","attributes":{},"color":"rgb(0,0,0)","size":1.0},{"source":"28","target":"32","id":"55","attributes":{},"color":"rgb(0,0,0)","size":1.0},{"source":"64","target":"75","id":"103","attributes":{},"color":"rgb(0,0,0)","size":1.0},{"source":"79","target":"81","id":"106","attributes":{},"color":"rgb(0,0,0)","size":1.0},{"source":"0","target":"15","id":"22","attributes":{},"color":"rgb(0,0,0)","size":1.0},{"source":"92","target":"101","id":"128","attributes":{},"color":"rgb(0,0,0)","size":1.0},{"source":"92","target":"102","id":"129","attributes":{},"color":"rgb(0,0,0)","size":1.0},{"source":"63","target":"62","id":"86","attributes":{},"color":"rgb(0,0,0)","size":1.0},{"source":"92","target":"100","id":"125","attributes":{},"color":"rgb(0,0,0)","size":1.0},{"source":"1","target":"6","id":"6","attributes":{},"color":"rgb(0,0,0)","size":1.0},{"source":"1","target":"5","id":"4","attributes":{},"color":"rgb(0,0,0)","size":1.0},{"source":"7","target":"22","id":"10","attributes":{},"color":"rgb(0,0,0)","size":1.0},{"source":"2","target":"24","id":"40","attributes":{},"color":"rgb(0,0,0)","size":1.0},{"source":"13","target":"12","id":"21","attributes":{},"color":"rgb(0,0,0)","size":1.0},{"label":"Busca","source":"15","target":"18","id":"24","attributes":{},"color":"rgb(0,0,0)","size":1.0},{"source":"42","target":"44","id":"69","attributes":{},"color":"rgb(0,0,0)","size":1.0},{"source":"63","target":"61","id":"85","attributes":{},"color":"rgb(0,0,0)","size":1.0},{"source":"68","target":"79","id":"104","attributes":{},"color":"rgb(0,0,0)","size":1.0},{"source":"1","target":"2","id":"1","attributes":{},"color":"rgb(0,0,0)","size":1.0},{"source":"0","target":"17","id":"28","attributes":{},"color":"rgb(0,0,0)","size":1.0},{"source":"65","target":"67","id":"92","attributes":{},"color":"rgb(0,0,0)","size":1.0},{"source":"1","target":"12","id":"19","attributes":{},"color":"rgb(0,0,0)","size":1.0},{"source":"10","target":"11","id":"15","attributes":{},"color":"rgb(0,0,0)","size":1.0},{"source":"65","target":"66","id":"91","attributes":{},"color":"rgb(0,0,0)","size":1.0},{"source":"19","target":"18","id":"27","attributes":{},"color":"rgb(0,0,0)","size":1.0},{"source":"19","target":"15","id":"26","attributes":{},"color":"rgb(0,0,0)","size":1.2},{"source":"29","target":"36","id":"60","attributes":{},"color":"rgb(0,0,0)","size":1.0},{"source":"79","target":"82","id":"107","attributes":{},"color":"rgb(0,0,0)","size":1.0},{"source":"0","target":"8","id":"11","attributes":{},"color":"rgb(0,0,0)","size":1.0},{"source":"27","target":"28","id":"50","attributes":{},"color":"rgb(0,0,0)","size":1.0},{"source":"50","target":"53","id":"77","attributes":{},"color":"rgb(0,0,0)","size":1.0},{"source":"51","target":"54","id":"78","attributes":{},"color":"rgb(0,0,0)","size":1.0},{"source":"59","target":"60","id":"88","attributes":{},"color":"rgb(0,0,0)","size":1.0},{"source":"92","target":"98","id":"123","attributes":{},"color":"rgb(0,0,0)","size":1.0},{"source":"2","target":"23","id":"41","attributes":{},"color":"rgb(0,0,0)","size":1.0},{"source":"28","target":"29","id":"56","attributes":{},"color":"rgb(0,0,0)","size":1.0},{"source":"71","target":"77","id":"98","attributes":{},"color":"rgb(0,0,0)","size":1.0},{"source":"80","target":"86","id":"111","attributes":{},"color":"rgb(0,0,0)","size":1.0},{"source":"92","target":"101","id":"127","attributes":{},"color":"rgb(0,0,0)","size":1.0},{"source":"0","target":"16","id":"23","attributes":{},"color":"rgb(0,0,0)","size":1.0},{"source":"9","target":"10","id":"14","attributes":{},"color":"rgb(0,0,0)","size":1.0},{"source":"92","target":"101","id":"126","attributes":{},"color":"rgb(0,0,0)","size":1.0},{"source":"43","target":"45","id":"70","attributes":{},"color":"rgb(0,0,0)","size":1.0},{"source":"28","target":"30","id":"52","attributes":{},"color":"rgb(0,0,0)","size":1.0},{"source":"64","target":"74","id":"102","attributes":{},"color":"rgb(0,0,0)","size":1.0},{"source":"29","target":"33","id":"57","attributes":{},"color":"rgb(0,0,0)","size":1.0},{"source":"19","target":"12","id":"38","attributes":{},"color":"rgb(0,0,0)","size":1.0},{"source":"28","target":"32","id":"54","attributes":{},"color":"rgb(0,0,0)","size":1.0},{"source":"92","target":"94","id":"119","attributes":{},"color":"rgb(0,0,0)","size":1.0},{"source":"79","target":"84","id":"109","attributes":{},"color":"rgb(0,0,0)","size":1.0},{"source":"64","target":"72","id":"100","attributes":{},"color":"rgb(0,0,0)","size":1.0},{"source":"16","target":"19","id":"25","attributes":{},"color":"rgb(0,0,0)","size":1.0},{"source":"49","target":"50","id":"74","attributes":{},"color":"rgb(0,0,0)","size":1.0},{"source":"54","target":"57","id":"81","attributes":{},"color":"rgb(0,0,0)","size":1.0},{"source":"79","target":"83","id":"108","attributes":{},"color":"rgb(0,0,0)","size":1.0},{"source":"92","target":"104","id":"131","attributes":{},"color":"rgb(0,0,0)","size":1.0},{"source":"8","target":"9","id":"12","attributes":{},"color":"rgb(0,0,0)","size":1.0},{"source":"1","target":"3","id":"2","attributes":{},"color":"rgb(0,0,0)","size":1.0},{"source":"65","target":"70","id":"95","attributes":{},"color":"rgb(0,0,0)","size":1.0},{"source":"92","target":"102","id":"130","attributes":{},"color":"rgb(0,0,0)","size":1.0},{"source":"17","target":"18","id":"29","attributes":{},"color":"rgb(0,0,0)","size":1.0},{"source":"80","target":"87","id":"112","attributes":{},"color":"rgb(0,0,0)","size":1.0},{"source":"27","target":"42","id":"67","attributes":{},"color":"rgb(0,0,0)","size":1.0},{"source":"65","target":"68","id":"93","attributes":{},"color":"rgb(0,0,0)","size":1.0},{"source":"92","target":"96","id":"121","attributes":{},"color":"rgb(0,0,0)","size":1.0},{"source":"64","target":"73","id":"101","attributes":{},"color":"rgb(0,0,0)","size":1.0},{"source":"92","target":"93","id":"118","attributes":{},"color":"rgb(0,0,0)","size":1.0},{"source":"1","target":"7","id":"7","attributes":{},"color":"rgb(0,0,0)","size":1.0},{"source":"1","target":"13","id":"20","attributes":{},"color":"rgb(0,0,0)","size":1.0},{"source":"80","target":"88","id":"113","attributes":{},"color":"rgb(0,0,0)","size":1.0},{"source":"0","target":"12","id":"17","attributes":{},"color":"rgb(0,0,0)","size":1.0},{"source":"82","target":"85","id":"110","attributes":{},"color":"rgb(0,0,0)","size":1.0},{"source":"1","target":"27","id":"46","attributes":{},"color":"rgb(0,0,0)","size":1.0},{"source":"1","target":"4","id":"3","attributes":{},"color":"rgb(0,0,0)","size":1.0},{"source":"31","target":"40","id":"64","attributes":{},"color":"rgb(0,0,0)","size":1.0},{"source":"71","target":"89","id":"114","attributes":{},"color":"rgb(0,0,0)","size":1.0},{"source":"44","target":"48","id":"73","attributes":{},"color":"rgb(0,0,0)","size":1.0},{"source":"92","target":"105","id":"132","attributes":{},"color":"rgb(0,0,0)","size":1.0},{"source":"0","target":"1","id":"0","attributes":{},"color":"rgb(0,0,0)","size":2.0},{"source":"29","target":"35","id":"59","attributes":{},"color":"rgb(0,0,0)","size":1.0},{"source":"43","target":"47","id":"72","attributes":{},"color":"rgb(0,0,0)","size":1.0},{"source":"64","target":"71","id":"96","attributes":{},"color":"rgb(0,0,0)","size":1.0},{"source":"30","target":"37","id":"61","attributes":{},"color":"rgb(0,0,0)","size":1.0},{"source":"79","target":"80","id":"105","attributes":{},"color":"rgb(0,0,0)","size":1.0},{"source":"0","target":"13","id":"18","attributes":{},"color":"rgb(0,0,0)","size":1.0},{"source":"32","target":"41","id":"66","attributes":{},"color":"rgb(0,0,0)","size":1.0},{"source":"19","target":"13","id":"37","attributes":{},"color":"rgb(0,0,0)","size":1.0},{"source":"43","target":"46","id":"71","attributes":{},"color":"rgb(0,0,0)","size":1.0},{"source":"2","target":"25","id":"43","attributes":{},"color":"rgb(0,0,0)","size":1.0},{"source":"29","target":"34","id":"58","attributes":{},"color":"rgb(0,0,0)","size":1.0},{"source":"92","target":"97","id":"122","attributes":{},"color":"rgb(0,0,0)","size":1.0},{"source":"8","target":"10","id":"13","attributes":{},"color":"rgb(0,0,0)","size":1.0},{"source":"28","target":"31","id":"53","attributes":{},"color":"rgb(0,0,0)","size":1.0},{"source":"52","target":"58","id":"82","attributes":{},"color":"rgb(0,0,0)","size":1.0},{"source":"89","target":"90","id":"115","attributes":{},"color":"rgb(0,0,0)","size":1.0},{"source":"17","target":"20","id":"30","attributes":{},"color":"rgb(0,0,0)","size":1.0},{"source":"92","target":"95","id":"120","attributes":{},"color":"rgb(0,0,0)","size":1.0},{"source":"50","target":"51","id":"75","attributes":{},"color":"rgb(0,0,0)","size":1.0},{"source":"2","target":"21","id":"42","attributes":{},"color":"rgb(0,0,0)","size":1.0},{"source":"92","target":"106","id":"133","attributes":{},"color":"rgb(0,0,0)","size":1.0},{"source":"71","target":"76","id":"97","attributes":{},"color":"rgb(0,0,0)","size":1.0},{"source":"92","target":"99","id":"124","attributes":{},"color":"rgb(0,0,0)","size":1.0},{"source":"65","target":"69","id":"94","attributes":{},"color":"rgb(0,0,0)","size":1.0},{"source":"0","target":"65","id":"90","attributes":{},"color":"rgb(0,0,0)","size":1.0},{"source":"52","target":"59","id":"83","attributes":{},"color":"rgb(0,0,0)","size":1.0},{"source":"50","target":"0","id":"87","attributes":{},"color":"rgb(0,0,0)","size":1.0},{"source":"28","target":"30","id":"51","attributes":{},"color":"rgb(0,0,0)","size":1.0},{"source":"51","target":"55","id":"79","attributes":{},"color":"rgb(0,0,0)","size":1.0},{"source":"91","target":"92","id":"117","attributes":{},"color":"rgb(0,0,0)","size":1.0},{"source":"30","target":"38","id":"62","attributes":{},"color":"rgb(0,0,0)","size":1.0},{"source":"0","target":"64","id":"89","attributes":{},"color":"rgb(0,0,0)","size":1.0}]}